{
    "accuracy": [
        0.027168234810233116,
        0.10553813725709915,
        0.22675025463104248,
        0.31661441922187805,
        0.3657262325286865,
        0.4106582999229431,
        0.48693835735321045,
        0.5151515007019043,
        0.5768024921417236,
        0.5997909903526306,
        0.6321839094161987,
        0.6729362607002258,
        0.6865203976631165,
        0.6844305396080017,
        0.7042842507362366,
        0.7429466843605042,
        0.7513061761856079,
        0.7868338823318481,
        0.7795193195343018,
        0.8035527467727661,
        0.7983281016349792,
        0.8181818127632141,
        0.8181818127632141,
        0.8422152400016785,
        0.8537095189094543,
        0.8599790930747986,
        0.8432601690292358,
        0.8589341640472412,
        0.9028213024139404,
        0.8787878751754761
    ],
    "val_accuracy": [
        0.15000000596046448,
        0.24166665971279144,
        0.3291666805744171,
        0.38749998807907104,
        0.42916667461395264,
        0.4749999940395355,
        0.5083333253860474,
        0.5333333611488342,
        0.5708333253860474,
        0.5874999761581421,
        0.6000000238418579,
        0.6208333373069763,
        0.6208333373069763,
        0.612500011920929,
        0.6333333253860474,
        0.6499999761581421,
        0.6416666507720947,
        0.6458333134651184,
        0.6583333611488342,
        0.6708333492279053,
        0.6541666388511658,
        0.6583333611488342,
        0.675000011920929,
        0.6791666746139526,
        0.675000011920929,
        0.6958333253860474,
        0.6916666626930237,
        0.6875,
        0.7041666507720947,
        0.7041666507720947
    ],
    "loss": [
        5.346842288970947,
        4.493620872497559,
        3.922548532485962,
        3.5282604694366455,
        3.307425022125244,
        3.0926966667175293,
        2.8349123001098633,
        2.647049903869629,
        2.4496703147888184,
        2.3383615016937256,
        2.190565824508667,
        2.0606672763824463,
        1.9681428670883179,
        1.922094702720642,
        1.8311870098114014,
        1.7267818450927734,
        1.6599526405334473,
        1.5552082061767578,
        1.5487439632415771,
        1.466074824333191,
        1.3997477293014526,
        1.3601298332214355,
        1.3200867176055908,
        1.2903876304626465,
        1.2330639362335205,
        1.2165080308914185,
        1.2220078706741333,
        1.1652580499649048,
        1.0795161724090576,
        1.0928184986114502
    ],
    "val_loss": [
        4.616339206695557,
        4.335072994232178,
        4.056033611297607,
        3.787174701690674,
        3.5392725467681885,
        3.3041367530822754,
        3.1035337448120117,
        2.9295613765716553,
        2.744677782058716,
        2.64955472946167,
        2.5631585121154785,
        2.466777801513672,
        2.4179704189300537,
        2.358626365661621,
        2.296748638153076,
        2.2601256370544434,
        2.2241837978363037,
        2.2038321495056152,
        2.174860715866089,
        2.188084840774536,
        2.1931326389312744,
        2.1742639541625977,
        2.1158690452575684,
        2.1057288646698,
        2.150005578994751,
        2.087707042694092,
        2.115758180618286,
        2.11329984664917,
        2.111178159713745,
        2.0956637859344482
    ],
    "precision": [
        0.0,
        0.46666666865348816,
        0.7962962985038757,
        0.7692307829856873,
        0.8691588640213013,
        0.8321678042411804,
        0.8633880019187927,
        0.8803418874740601,
        0.9401408433914185,
        0.9113923907279968,
        0.9043715596199036,
        0.9295774698257446,
        0.9080188870429993,
        0.9110169410705566,
        0.9098196625709534,
        0.9259961843490601,
        0.9358974099159241,
        0.9384359121322632,
        0.9269102811813354,
        0.934883713722229,
        0.9370315074920654,
        0.9415292143821716,
        0.9449929594993591,
        0.9332405924797058,
        0.948369562625885,
        0.9358638525009155,
        0.9263157844543457,
        0.9454545378684998,
        0.9662337899208069,
        0.9475655555725098
    ],
    "val_precision": [
        0.0,
        0.0,
        0.0,
        1.0,
        1.0,
        1.0,
        1.0,
        0.9019607901573181,
        0.921875,
        0.9358974099159241,
        0.931034505367279,
        0.8823529481887817,
        0.8545454740524292,
        0.8461538553237915,
        0.8524590134620667,
        0.845588207244873,
        0.8571428656578064,
        0.8571428656578064,
        0.8724831938743591,
        0.8354430198669434,
        0.8260869383811951,
        0.8580247163772583,
        0.8402366638183594,
        0.8433734774589539,
        0.8045976758003235,
        0.8245614171028137,
        0.826815664768219,
        0.8241758346557617,
        0.8216215968132019,
        0.8360655903816223
    ],
    "recall": [
        0.0,
        0.0073145246133208275,
        0.04493207857012749,
        0.0626959279179573,
        0.09717868268489838,
        0.12434691935777664,
        0.16509926319122314,
        0.215256005525589,
        0.27899685502052307,
        0.3009404242038727,
        0.34587252140045166,
        0.4137931168079376,
        0.40229883790016174,
        0.44932079315185547,
        0.4743991494178772,
        0.5099268555641174,
        0.5339602828025818,
        0.5893417000770569,
        0.5830721259117126,
        0.630094051361084,
        0.653082549571991,
        0.6562173366546631,
        0.7001044750213623,
        0.7011494040489197,
        0.7293626070022583,
        0.7471264600753784,
        0.7356321811676025,
        0.7607105374336243,
        0.777429461479187,
        0.7931034564971924
    ],
    "val_recall": [
        0.0,
        0.0,
        0.0,
        0.01666666753590107,
        0.04583333432674408,
        0.07083333283662796,
        0.12083332985639572,
        0.19166666269302368,
        0.24583333730697632,
        0.30416667461395264,
        0.3375000059604645,
        0.375,
        0.3916666805744171,
        0.4124999940395355,
        0.4333333373069763,
        0.4791666567325592,
        0.5,
        0.5249999761581421,
        0.5416666865348816,
        0.550000011920929,
        0.5541666746139526,
        0.5791666507720947,
        0.5916666388511658,
        0.5833333134651184,
        0.5833333134651184,
        0.5874999761581421,
        0.6166666746139526,
        0.625,
        0.6333333253860474,
        0.637499988079071
    ]
}